State,Latitude,Longitude,Elevation,Timezone,Start Time,End Time
Iowa,41.5338,-93.6631,,auto,2021-06-10,2024-06-10
Iowa,41.8847,-91.7108,,auto,2021-06-10,2024-06-10
Iowa,42.402,-90.7095,,auto,2021-06-10,2024-06-10
Iowa,42.4026,-96.3844,,auto,2021-06-10,2024-06-10
Iowa,42.5571,-92.4003,,auto,2021-06-10,2024-06-10
Iowa,43.1578,-93.3313,,auto,2021-06-10,2024-06-10
Iowa,40.784,-91.1255,,auto,2021-06-10,2024-06-10
Iowa,42.5512,-94.1927,,auto,2021-06-10,2024-06-10
Iowa,41.1066,-92.4472,,auto,2021-06-10,2024-06-10
Iowa,43.1655,-95.2018,,auto,2021-06-10,2024-06-10
Iowa,41.9903,-93.6185,,auto,2021-06-10,2024-06-10
Iowa,41.6867,-93.5664,,auto,2021-06-10,2024-06-10
Iowa,42.0497,-93.8475,,auto,2021-06-10,2024-06-10
Iowa,42.0465,-94.7899,,auto,2021-06-10,2024-06-10
Iowa,41.8314,-90.2528,,auto,2021-06-10,2024-06-10
Iowa,41.2583,-95.7603,,auto,2021-06-10,2024-06-10
Iowa,43.2755,-91.7396,,auto,2021-06-10,2024-06-10
Iowa,43.4076,-94.7465,,auto,2021-06-10,2024-06-10
Iowa,40.9511,-91.9785,,auto,2021-06-10,2024-06-10
Iowa,40.6592,-91.3263,,auto,2021-06-10,2024-06-10
Iowa,41.7092,-92.7344,,auto,2021-06-10,2024-06-10
Iowa,42.454,-91.9471,,auto,2021-06-10,2024-06-10
Iowa,41.6392,-91.543,,auto,2021-06-10,2024-06-10
Iowa,40.4592,-91.428,,auto,2021-06-10,2024-06-10
Iowa,40.6295,-93.9024,,auto,2021-06-10,2024-06-10
Iowa,42.7817,-96.1934,,auto,2021-06-10,2024-06-10
Iowa,42.0515,-90.7388,,auto,2021-06-10,2024-06-10
Iowa,42.112,-92.9179,,auto,2021-06-10,2024-06-10
Iowa,40.9478,-91.5116,,auto,2021-06-10,2024-06-10
Iowa,41.367,-91.148,,auto,2021-06-10,2024-06-10
Iowa,41.6744,-93.021,,auto,2021-06-10,2024-06-10
Iowa,42.6778,-91.9743,,auto,2021-06-10,2024-06-10
Iowa,42.9862,-96.0582,,auto,2021-06-10,2024-06-10
Iowa,41.4009,-92.9452,,auto,2021-06-10,2024-06-10
Iowa,41.8283,-94.1666,,auto,2021-06-10,2024-06-10
Iowa,40.7644,-95.4131,,auto,2021-06-10,2024-06-10
Iowa,42.5975,-95.24,,auto,2021-06-10,2024-06-10
Iowa,42.2225,-92.0257,,auto,2021-06-10,2024-06-10
Iowa,41.2769,-91.6738,,auto,2021-06-10,2024-06-10
Iowa,42.4364,-93.8675,,auto,2021-06-10,2024-06-10
California,33.9428,-118.41,,auto,2021-06-10,2024-06-10
California,37.6213,-122.379,,auto,2021-06-10,2024-06-10
California,32.7338,-117.1933,,auto,2021-06-10,2024-06-10
California,38.6954,-121.5908,,auto,2021-06-10,2024-06-10
California,37.3639,-121.9289,,auto,2021-06-10,2024-06-10
California,37.7213,-122.221,,auto,2021-06-10,2024-06-10
California,36.7761,-119.7181,,auto,2021-06-10,2024-06-10
California,33.8177,-118.1516,,auto,2021-06-10,2024-06-10
California,34.056,-117.6012,,auto,2021-06-10,2024-06-10
California,34.2007,-118.3587,,auto,2021-06-10,2024-06-10
California,33.6757,-117.8682,,auto,2021-06-10,2024-06-10
California,33.8297,-116.5067,,auto,2021-06-10,2024-06-10
California,34.4264,-119.84,,auto,2021-06-10,2024-06-10
California,40.508,-122.2926,,auto,2021-06-10,2024-06-10
California,34.0954,-117.2359,,auto,2021-06-10,2024-06-10
California,37.8942,-121.2375,,auto,2021-06-10,2024-06-10
California,37.6258,-120.9544,,auto,2021-06-10,2024-06-10
California,36.587,-121.843,,auto,2021-06-10,2024-06-10
California,37.2847,-120.5148,,auto,2021-06-10,2024-06-10
California,37.373,-118.3631,,auto,2021-06-10,2024-06-10
California,40.9781,-124.109,,auto,2021-06-10,2024-06-10
California,32.8359,-115.5794,,auto,2021-06-10,2024-06-10
California,35.2368,-120.6422,,auto,2021-06-10,2024-06-10
California,34.8989,-120.4576,,auto,2021-06-10,2024-06-10
California,35.4336,-119.0567,,auto,2021-06-10,2024-06-10
California,36.3188,-119.3923,,auto,2021-06-10,2024-06-10
California,39.7954,-121.8584,,auto,2021-06-10,2024-06-10
California,35.6729,-120.6279,,auto,2021-06-10,2024-06-10
California,34.2098,-118.489,,auto,2021-06-10,2024-06-10
California,33.9228,-118.3344,,auto,2021-06-10,2024-06-10
California,34.2595,-118.413,,auto,2021-06-10,2024-06-10
California,34.2139,-119.0944,,auto,2021-06-10,2024-06-10
Georgia,33.6407,-84.4277,,auto,2021-06-10,2024-06-10
Georgia,32.1276,-81.2021,,auto,2021-06-10,2024-06-10
Georgia,33.3697,-81.9645,,auto,2021-06-10,2024-06-10
Georgia,32.5163,-84.9389,,auto,2021-06-10,2024-06-10
Georgia,32.6929,-83.6492,,auto,2021-06-10,2024-06-10
Georgia,31.5355,-84.1945,,auto,2021-06-10,2024-06-10
Georgia,31.2588,-81.4665,,auto,2021-06-10,2024-06-10
Georgia,30.7825,-83.2767,,auto,2021-06-10,2024-06-10
Georgia,33.3573,-84.5718,,auto,2021-06-10,2024-06-10
Georgia,33.9486,-83.3263,,auto,2021-06-10,2024-06-10
Georgia,33.8756,-84.302,,auto,2021-06-10,2024-06-10
Georgia,33.7792,-84.5219,,auto,2021-06-10,2024-06-10
Georgia,33.978,-83.9621,,auto,2021-06-10,2024-06-10
Georgia,34.2726,-83.8302,,auto,2021-06-10,2024-06-10
Georgia,32.6929,-83.6492,,auto,2021-06-10,2024-06-10
Georgia,32.6401,-83.5919,,auto,2021-06-10,2024-06-10
Georgia,33.9154,-84.5163,,auto,2021-06-10,2024-06-10
Georgia,32.0142,-81.1458,,auto,2021-06-10,2024-06-10
Georgia,30.9678,-83.193,,auto,2021-06-10,2024-06-10
Georgia,31.537,-84.2515,,auto,2021-06-10,2024-06-10
Georgia,32.3542,-84.968,,auto,2021-06-10,2024-06-10
Georgia,33.416,-82.1382,,auto,2021-06-10,2024-06-10
Georgia,31.8697,-81.6094,,auto,2021-06-10,2024-06-10
Georgia,33.4853,-84.8114,,auto,2021-06-10,2024-06-10
Georgia,31.9401,-83.773,,auto,2021-06-10,2024-06-10
Georgia,34.8552,-84.9401,,auto,2021-06-10,2024-06-10
Georgia,31.4768,-82.8602,,auto,2021-06-10,2024-06-10
Georgia,32.5645,-82.9856,,auto,2021-06-10,2024-06-10
Georgia,32.1968,-83.1327,,auto,2021-06-10,2024-06-10
Georgia,31.6835,-83.2705,,auto,2021-06-10,2024-06-10
Georgia,33.0089,-85.0726,,auto,2021-06-10,2024-06-10
Georgia,32.5073,-83.7672,,auto,2021-06-10,2024-06-10
Georgia,32.4821,-81.7366,,auto,2021-06-10,2024-06-10
Georgia,30.9016,-83.8813,,auto,2021-06-10,2024-06-10
Georgia,31.429,-83.4885,,auto,2021-06-10,2024-06-10
Georgia,31.2485,-82.3955,,auto,2021-06-10,2024-06-10
Georgia,33.6311,-85.1522,,auto,2021-06-10,2024-06-10
Tennessee,36.1263,-86.6774,,auto,2021-06-10,2024-06-10
Tennessee,35.042,-89.9792,,auto,2021-06-10,2024-06-10
Tennessee,35.8109,-83.994,,auto,2021-06-10,2024-06-10
Tennessee,35.0353,-85.2038,,auto,2021-06-10,2024-06-10
Tennessee,36.4752,-82.4074,,auto,2021-06-10,2024-06-10
Tennessee,36.008,-86.5201,,auto,2021-06-10,2024-06-10
Tennessee,35.6087,-88.9156,,auto,2021-06-10,2024-06-10
Tennessee,35.3973,-84.561,,auto,2021-06-10,2024-06-10
Tennessee,35.2205,-84.8327,,auto,2021-06-10,2024-06-10
Tennessee,35.3795,-86.2487,,auto,2021-06-10,2024-06-10
Tennessee,36.19,-86.3156,,auto,2021-06-10,2024-06-10
Tennessee,36.0012,-89.4028,,auto,2021-06-10,2024-06-10
Tennessee,36.1823,-86.8867,,auto,2021-06-10,2024-06-10
Tennessee,35.9728,-85.8094,,auto,2021-06-10,2024-06-10
Tennessee,35.7143,-87.0545,,auto,2021-06-10,2024-06-10
Tennessee,36.3389,-88.3769,,auto,2021-06-10,2024-06-10
Tennessee,35.8575,-83.5244,,auto,2021-06-10,2024-06-10
Tennessee,36.3622,-89.0128,,auto,2021-06-10,2024-06-10
Tennessee,36.3722,-82.1736,,auto,2021-06-10,2024-06-10
Tennessee,35.0593,-86.5647,,auto,2021-06-10,2024-06-10
Tennessee,35.5578,-86.4422,,auto,2021-06-10,2024-06-10
Tennessee,36.3778,-86.4067,,auto,2021-06-10,2024-06-10
Tennessee,36.3715,-82.1731,,auto,2021-06-10,2024-06-10
Tennessee,35.8198,-88.882,,auto,2021-06-10,2024-06-10
Tennessee,35.1679,-86.0664,,auto,2021-06-10,2024-06-10
Tennessee,35.8744,-84.6842,,auto,2021-06-10,2024-06-10
Tennessee,36.4289,-89.0572,,auto,2021-06-10,2024-06-10
Tennessee,35.8576,-83.5243,,auto,2021-06-10,2024-06-10
Tennessee,36.1939,-82.8158,,auto,2021-06-10,2024-06-10
Tennessee,35.7042,-84.3836,,auto,2021-06-10,2024-06-10
Tennessee,36.5886,-86.4775,,auto,2021-06-10,2024-06-10
Tennessee,35.6851,-85.8096,,auto,2021-06-10,2024-06-10
Tennessee,36.2686,-85.9483,,auto,2021-06-10,2024-06-10
Massachusetts,42.3656,-71.0096,,auto,2021-06-10,2024-06-10
Massachusetts,42.2673,-71.8757,,auto,2021-06-10,2024-06-10
Massachusetts,41.6695,-70.2803,,auto,2021-06-10,2024-06-10
Massachusetts,41.6761,-70.956,,auto,2021-06-10,2024-06-10
Massachusetts,42.4269,-73.2929,,auto,2021-06-10,2024-06-10
Massachusetts,41.2531,-70.0602,,auto,2021-06-10,2024-06-10
Massachusetts,41.393,-70.6143,,auto,2021-06-10,2024-06-10
Massachusetts,42.717,-71.1237,,auto,2021-06-10,2024-06-10
Massachusetts,42.159,-72.715,,auto,2021-06-10,2024-06-10
Massachusetts,42.5842,-70.9165,,auto,2021-06-10,2024-06-10
Massachusetts,42.1904,-71.1734,,auto,2021-06-10,2024-06-10
Massachusetts,42.4713,-71.2883,,auto,2021-06-10,2024-06-10
Massachusetts,42.5549,-71.759,,auto,2021-06-10,2024-06-10
Massachusetts,41.874,-71.0163,,auto,2021-06-10,2024-06-10
Massachusetts,42.194,-72.5347,,auto,2021-06-10,2024-06-10
Massachusetts,41.6882,-69.9895,,auto,2021-06-10,2024-06-10
Massachusetts,42.6209,-72.5235,,auto,2021-06-10,2024-06-10
Massachusetts,42.0987,-70.6726,,auto,2021-06-10,2024-06-10
Massachusetts,42.4601,-71.5123,,auto,2021-06-10,2024-06-10
Massachusetts,42.3276,-72.6114,,auto,2021-06-10,2024-06-10
Massachusetts,42.1015,-72.0391,,auto,2021-06-10,2024-06-10
Massachusetts,42.5701,-72.2883,,auto,2021-06-10,2024-06-10
Massachusetts,42.2704,-71.9891,,auto,2021-06-10,2024-06-10
Massachusetts,42.1861,-73.4046,,auto,2021-06-10,2024-06-10
Massachusetts,42.575,-71.9911,,auto,2021-06-10,2024-06-10
Massachusetts,42.0004,-71.1961,,auto,2021-06-10,2024-06-10
Massachusetts,42.1574,-72.717,,auto,2021-06-10,2024-06-10
Massachusetts,41.9209,-71.4914,,auto,2021-06-10,2024-06-10
Massachusetts,41.909,-70.7288,,auto,2021-06-10,2024-06-10
Massachusetts,42.5842,-70.9165,,auto,2021-06-10,2024-06-10
Massachusetts,42.1904,-71.1734,,auto,2021-06-10,2024-06-10
Ohio,41.4114,-81.847,,auto,2021-06-10,2024-06-10
Ohio,39.998,-82.8919,,auto,2021-06-10,2024-06-10
Ohio,39.0488,-84.6678,,auto,2021-06-10,2024-06-10
Ohio,39.9024,-84.2194,,auto,2021-06-10,2024-06-10
Ohio,40.9163,-81.4422,,auto,2021-06-10,2024-06-10
Ohio,41.5868,-83.8078,,auto,2021-06-10,2024-06-10
Ohio,41.2579,-80.673,,auto,2021-06-10,2024-06-10
Ohio,39.1033,-84.4186,,auto,2021-06-10,2024-06-10
Ohio,39.8137,-82.9278,,auto,2021-06-10,2024-06-10
Ohio,39.8266,-84.0486,,auto,2021-06-10,2024-06-10
Ohio,41.5188,-81.6833,,auto,2021-06-10,2024-06-10
Ohio,39.9028,-83.1369,,auto,2021-06-10,2024-06-10
Ohio,41.5188,-81.6833,,auto,2021-06-10,2024-06-10
Ohio,41.3443,-82.1777,,auto,2021-06-10,2024-06-10
Ohio,39.8403,-83.8403,,auto,2021-06-10,2024-06-10
Ohio,40.0798,-83.073,,auto,2021-06-10,2024-06-10
Ohio,40.8214,-82.5166,,auto,2021-06-10,2024-06-10
Ohio,40.024,-82.4633,,auto,2021-06-10,2024-06-10
Ohio,41.0134,-83.6688,,auto,2021-06-10,2024-06-10
Ohio,38.8408,-82.8474,,auto,2021-06-10,2024-06-10
Ohio,39.5302,-84.3951,,auto,2021-06-10,2024-06-10
Ohio,40.7067,-84.0262,,auto,2021-06-10,2024-06-10
Ohio,40.2793,-83.114,,auto,2021-06-10,2024-06-10
Ohio,41.4648,-82.8626,,auto,2021-06-10,2024-06-10
Ohio,41.6108,-84.1277,,auto,2021-06-10,2024-06-10
Ohio,41.3915,-83.6301,,auto,2021-06-10,2024-06-10
Ohio,40.9587,-80.8606,,auto,2021-06-10,2024-06-10
Ohio,40.7067,-84.0262,,auto,2021-06-10,2024-06-10
Ohio,40.2734,-81.0112,,auto,2021-06-10,2024-06-10
Ohio,39.2006,-83.3682,,auto,2021-06-10,2024-06-10
Ohio,40.359,-80.7001,,auto,2021-06-10,2024-06-10
Ohio,40.006,-84.5621,,auto,2021-06-10,2024-06-10
Ohio,39.9501,-81.8901,,auto,2021-06-10,2024-06-10
Ohio,39.0783,-84.2103,,auto,2021-06-10,2024-06-10
Ohio,40.1324,-83.7513,,auto,2021-06-10,2024-06-10
Ohio,41.0201,-84.0246,,auto,2021-06-10,2024-06-10
Ohio,40.5312,-84.2985,,auto,2021-06-10,2024-06-10
Ohio,39.3064,-82.508,,auto,2021-06-10,2024-06-10
Ohio,39.1661,-83.0156,,auto,2021-06-10,2024-06-10
Indiana,39.7173,-86.2944,,auto,2021-06-10,2024-06-10
Indiana,40.9785,-85.1951,,auto,2021-06-10,2024-06-10
Indiana,41.7009,-86.3173,,auto,2021-06-10,2024-06-10
Indiana,38.0433,-87.5204,,auto,2021-06-10,2024-06-10
Indiana,41.6163,-87.4128,,auto,2021-06-10,2024-06-10
Indiana,39.4515,-87.3073,,auto,2021-06-10,2024-06-10
Indiana,39.1451,-86.6167,,auto,2021-06-10,2024-06-10
Indiana,40.2423,-85.3954,,auto,2021-06-10,2024-06-10
Indiana,40.412,-86.9369,,auto,2021-06-10,2024-06-10
Indiana,40.5287,-86.0584,,auto,2021-06-10,2024-06-10
Indiana,40.1086,-85.6194,,auto,2021-06-10,2024-06-10
Indiana,39.2619,-85.8963,,auto,2021-06-10,2024-06-10
Indiana,41.7194,-86.0036,,auto,2021-06-10,2024-06-10
Indiana,41.5264,-85.7929,,auto,2021-06-10,2024-06-10
Indiana,39.6294,-86.0899,,auto,2021-06-10,2024-06-10
Indiana,40.8533,-85.457,,auto,2021-06-10,2024-06-10
Indiana,41.2003,-87.1286,,auto,2021-06-10,2024-06-10
Indiana,40.7097,-86.3741,,auto,2021-06-10,2024-06-10
Indiana,40.4894,-85.6797,,auto,2021-06-10,2024-06-10
Indiana,41.7033,-86.8219,,auto,2021-06-10,2024-06-10
Indiana,40.0375,-86.9194,,auto,2021-06-10,2024-06-10
Indiana,39.0594,-85.6052,,auto,2021-06-10,2024-06-10
Indiana,40.6678,-86.1469,,auto,2021-06-10,2024-06-10
Indiana,41.453,-87.0072,,auto,2021-06-10,2024-06-10
Indiana,39.7572,-84.8427,,auto,2021-06-10,2024-06-10
Indiana,39.5833,-85.8044,,auto,2021-06-10,2024-06-10
Indiana,37.9456,-86.7292,,auto,2021-06-10,2024-06-10
Indiana,41.2746,-85.84,,auto,2021-06-10,2024-06-10
Indiana,40.709,-86.7667,,auto,2021-06-10,2024-06-10
Indiana,39.95,-86.2667,,auto,2021-06-10,2024-06-10
Arizona,33.4343,-112.0118,,auto,2021-06-10,2024-06-10
Arizona,32.1161,-110.941,,auto,2021-06-10,2024-06-10
Arizona,35.1385,-111.671,,auto,2021-06-10,2024-06-10
Arizona,32.6566,-114.605,,auto,2021-06-10,2024-06-10
Arizona,34.6544,-112.4195,,auto,2021-06-10,2024-06-10
Arizona,35.2594,-113.938,,auto,2021-06-10,2024-06-10
Arizona,31.5892,-110.3446,,auto,2021-06-10,2024-06-10
Arizona,34.2655,-110.0057,,auto,2021-06-10,2024-06-10
Arizona,36.9261,-111.4477,,auto,2021-06-10,2024-06-10
Arizona,35.9524,-112.1469,,auto,2021-06-10,2024-06-10
Arizona,33.3078,-111.6555,,auto,2021-06-10,2024-06-10
Arizona,33.6229,-111.9106,,auto,2021-06-10,2024-06-10
Arizona,33.2692,-111.8118,,auto,2021-06-10,2024-06-10
Arizona,33.4608,-111.7274,,auto,2021-06-10,2024-06-10
Arizona,33.5273,-112.2951,,auto,2021-06-10,2024-06-10
Arizona,33.6883,-112.083,,auto,2021-06-10,2024-06-10
Arizona,32.1425,-111.175,,auto,2021-06-10,2024-06-10
Arizona,32.4057,-111.228,,auto,2021-06-10,2024-06-10
Arizona,32.9554,-112.6784,,auto,2021-06-10,2024-06-10
Arizona,34.5711,-114.3581,,auto,2021-06-10,2024-06-10
Arizona,34.8486,-111.7883,,auto,2021-06-10,2024-06-10
Arizona,35.0219,-110.7226,,auto,2021-06-10,2024-06-10
Arizona,31.3426,-109.5063,,auto,2021-06-10,2024-06-10
Arizona,32.8542,-109.6359,,auto,2021-06-10,2024-06-10
Arizona,31.4204,-110.8472,,auto,2021-06-10,2024-06-10
Arizona,35.2594,-113.938,,auto,2021-06-10,2024-06-10
Arizona,35.0219,-110.7226,,auto,2021-06-10,2024-06-10
Arizona,32.4057,-111.228,,auto,2021-06-10,2024-06-10
Arizona,32.1425,-111.175,,auto,2021-06-10,2024-06-10
Arizona,31.5885,-109.3506,,auto,2021-06-10,2024-06-10
Arizona,35.1561,-114.5596,,auto,2021-06-10,2024-06-10
South,32.8986,-80.0405,,auto,2021-06-10,2024-06-10
South,34.8956,-82.2189,,auto,2021-06-10,2024-06-10
South,33.9388,-81.1195,,auto,2021-06-10,2024-06-10
South,33.6797,-78.9283,,auto,2021-06-10,2024-06-10
South,34.1854,-79.7239,,auto,2021-06-10,2024-06-10
South,32.2244,-80.6975,,auto,2021-06-10,2024-06-10
South,32.4122,-80.6344,,auto,2021-06-10,2024-06-10
South,34.9873,-81.0578,,auto,2021-06-10,2024-06-10
South,34.2487,-82.1593,,auto,2021-06-10,2024-06-10
South,34.4943,-82.7094,,auto,2021-06-10,2024-06-10
South,34.9153,-81.9574,,auto,2021-06-10,2024-06-10
South,33.9944,-80.3616,,auto,2021-06-10,2024-06-10
South,33.3115,-79.3198,,auto,2021-06-10,2024-06-10
South,34.7123,-79.9574,,auto,2021-06-10,2024-06-10
South,33.4568,-80.8597,,auto,2021-06-10,2024-06-10
South,34.7229,-80.8544,,auto,2021-06-10,2024-06-10
South,33.2571,-81.3887,,auto,2021-06-10,2024-06-10
South,35.0168,-81.6201,,auto,2021-06-10,2024-06-10
South,34.4491,-79.8875,,auto,2021-06-10,2024-06-10
South,34.5007,-81.9476,,auto,2021-06-10,2024-06-10
South,32.9223,-80.6406,,auto,2021-06-10,2024-06-10
South,34.3151,-81.1081,,auto,2021-06-10,2024-06-10
South,33.8118,-78.7239,,auto,2021-06-10,2024-06-10
South,33.9705,-80.9953,,auto,2021-06-10,2024-06-10
South,34.1816,-79.3346,,auto,2021-06-10,2024-06-10
South,33.5885,-79.1225,,auto,2021-06-10,2024-06-10
South,33.9204,-80.8012,,auto,2021-06-10,2024-06-10
South,33.6357,-79.1215,,auto,2021-06-10,2024-06-10
South,34.2837,-80.5654,,auto,2021-06-10,2024-06-10
Texas,30.307182,-97.755996,,auto,2021-06-10,2024-06-10
Texas,32.896828,-97.038001,,auto,2021-06-10,2024-06-10
Texas,29.990222,-95.336783,,auto,2021-06-10,2024-06-10
Texas,29.533694,-98.469779,,auto,2021-06-10,2024-06-10
Texas,31.807222,-106.378056,,auto,2021-06-10,2024-06-10
Texas,27.770103,-97.501222,,auto,2021-06-10,2024-06-10
Texas,31.942497,-102.201914,,auto,2021-06-10,2024-06-10
Texas,33.663639,-101.822778,,auto,2021-06-10,2024-06-10
Texas,35.219361,-101.70593,,auto,2021-06-10,2024-06-10
Texas,25.906833,-97.425861,,auto,2021-06-10,2024-06-10
Texas,26.175833,-98.238611,,auto,2021-06-10,2024-06-10
Texas,32.354144,-95.402477,,auto,2021-06-10,2024-06-10
Texas,31.611289,-97.230519,,auto,2021-06-10,2024-06-10
Texas,32.4113,-99.6819,,auto,2021-06-10,2024-06-10
Texas,29.9508,-94.0207,,auto,2021-06-10,2024-06-10
Texas,30.5886,-96.3638,,auto,2021-06-10,2024-06-10
Texas,33.2009,-97.1981,,auto,2021-06-10,2024-06-10
Texas,29.3742,-100.9272,,auto,2021-06-10,2024-06-10
Texas,29.2653,-94.8609,,auto,2021-06-10,2024-06-10
Texas,26.2285,-97.6544,,auto,2021-06-10,2024-06-10
Texas,27.5437,-99.4615,,auto,2021-06-10,2024-06-10
Texas,32.3832,-94.7115,,auto,2021-06-10,2024-06-10
Texas,31.3577,-100.4963,,auto,2021-06-10,2024-06-10
Texas,28.8526,-96.9185,,auto,2021-06-10,2024-06-10
Texas,33.9888,-98.4919,,auto,2021-06-10,2024-06-10
Texas,28.8571,-100.5173,,auto,2021-06-10,2024-06-10
Texas,30.9154,-102.9177,,auto,2021-06-10,2024-06-10
Texas,30.2435,-98.9094,,auto,2021-06-10,2024-06-10
Texas,33.6514,-97.197,,auto,2021-06-10,2024-06-10
Texas,30.0453,-99.1404,,auto,2021-06-10,2024-06-10
Texas,31.1029,-98.1968,,auto,2021-06-10,2024-06-10
Texas,32.7812,-98.0602,,auto,2021-06-10,2024-06-10
Texas,33.6214,-95.4508,,auto,2021-06-10,2024-06-10
Texas,31.3822,-103.5117,,auto,2021-06-10,2024-06-10
Texas,28.0863,-97.0456,,auto,2021-06-10,2024-06-10
Texas,33.6183,-96.6214,,auto,2021-06-10,2024-06-10
Texas,32.2168,-98.1773,,auto,2021-06-10,2024-06-10
Texas,32.4674,-100.4688,,auto,2021-06-10,2024-06-10
Texas,29.21,-99.7436,,auto,2021-06-10,2024-06-10
Texas,34.2273,-99.2809,,auto,2021-06-10,2024-06-10
Texas,31.777,-103.201,,auto,2021-06-10,2024-06-10
Texas,32.737,-102.6619,,auto,2021-06-10,2024-06-10
Pennsylvania,39.8719,-75.2411,,auto,2021-06-10,2024-06-10
Pennsylvania,40.4915,-80.2329,,auto,2021-06-10,2024-06-10
Pennsylvania,40.1935,-76.7634,,auto,2021-06-10,2024-06-10
Pennsylvania,41.3381,-75.7243,,auto,2021-06-10,2024-06-10
Pennsylvania,42.0831,-80.1739,,auto,2021-06-10,2024-06-10
Pennsylvania,40.6521,-75.4408,,auto,2021-06-10,2024-06-10
Pennsylvania,40.121,-76.2961,,auto,2021-06-10,2024-06-10
Pennsylvania,40.8493,-77.8485,,auto,2021-06-10,2024-06-10
Pennsylvania,40.2964,-78.32,,auto,2021-06-10,2024-06-10
Pennsylvania,41.2419,-76.9211,,auto,2021-06-10,2024-06-10
Pennsylvania,40.3785,-75.9656,,auto,2021-06-10,2024-06-10
Pennsylvania,39.9171,-76.8735,,auto,2021-06-10,2024-06-10
Pennsylvania,41.034,-80.4137,,auto,2021-06-10,2024-06-10
Pennsylvania,39.9783,-75.8654,,auto,2021-06-10,2024-06-10
Pennsylvania,40.0812,-75.0106,,auto,2021-06-10,2024-06-10
Pennsylvania,41.3272,-78.4158,,auto,2021-06-10,2024-06-10
Pennsylvania,40.4354,-75.3819,,auto,2021-06-10,2024-06-10
Pennsylvania,39.9429,-74.8453,,auto,2021-06-10,2024-06-10
Pennsylvania,40.1375,-75.2655,,auto,2021-06-10,2024-06-10
Pennsylvania,40.3337,-75.1223,,auto,2021-06-10,2024-06-10
Pennsylvania,40.1367,-80.29,,auto,2021-06-10,2024-06-10
Pennsylvania,40.7768,-79.9495,,auto,2021-06-10,2024-06-10
Pennsylvania,40.3544,-79.9306,,auto,2021-06-10,2024-06-10
Pennsylvania,40.121,-76.2961,,auto,2021-06-10,2024-06-10
Pennsylvania,40.1893,-77.1717,,auto,2021-06-10,2024-06-10
Pennsylvania,41.0486,-78.4135,,auto,2021-06-10,2024-06-10
Pennsylvania,41.1356,-77.4225,,auto,2021-06-10,2024-06-10
Pennsylvania,41.8023,-77.088,,auto,2021-06-10,2024-06-10
Pennsylvania,40.8016,-80.1603,,auto,2021-06-10,2024-06-10
Pennsylvania,41.8031,-78.6401,,auto,2021-06-10,2024-06-10
Pennsylvania,41.1783,-78.8987,,auto,2021-06-10,2024-06-10
Pennsylvania,41.3779,-79.8604,,auto,2021-06-10,2024-06-10
Pennsylvania,40.6322,-79.105,,auto,2021-06-10,2024-06-10
Pennsylvania,40.3161,-78.8342,,auto,2021-06-10,2024-06-10
Pennsylvania,40.8493,-77.8485,,auto,2021-06-10,2024-06-10
Pennsylvania,41.1374,-75.3788,,auto,2021-06-10,2024-06-10
Pennsylvania,41.8437,-79.27,,auto,2021-06-10,2024-06-10
Pennsylvania,39.9171,-76.8735,,auto,2021-06-10,2024-06-10
Missouri,38.7487,-90.37,,auto,2021-06-10,2024-06-10
Missouri,39.2976,-94.7139,,auto,2021-06-10,2024-06-10
Missouri,37.2457,-93.3886,,auto,2021-06-10,2024-06-10
Missouri,38.8181,-92.2186,,auto,2021-06-10,2024-06-10
Missouri,36.5321,-93.2009,,auto,2021-06-10,2024-06-10
Missouri,37.1518,-94.4983,,auto,2021-06-10,2024-06-10
Missouri,37.2251,-89.5701,,auto,2021-06-10,2024-06-10
Missouri,38.5912,-92.1566,,auto,2021-06-10,2024-06-10
Missouri,40.0937,-92.5448,,auto,2021-06-10,2024-06-10
Missouri,37.9233,-91.7739,,auto,2021-06-10,2024-06-10
Missouri,38.9597,-94.3719,,auto,2021-06-10,2024-06-10
Missouri,38.6623,-90.6524,,auto,2021-06-10,2024-06-10
Missouri,38.6623,-90.6524,,auto,2021-06-10,2024-06-10
Missouri,37.5933,-93.3408,,auto,2021-06-10,2024-06-10
Missouri,39.3336,-94.2419,,auto,2021-06-10,2024-06-10
Missouri,37.7611,-90.4286,,auto,2021-06-10,2024-06-10
Missouri,39.7256,-91.4435,,auto,2021-06-10,2024-06-10
Missouri,37.6473,-92.6535,,auto,2021-06-10,2024-06-10
Missouri,39.7272,-92.4632,,auto,2021-06-10,2024-06-10
Missouri,36.5986,-89.9924,,auto,2021-06-10,2024-06-10
Missouri,36.995,-93.6325,,auto,2021-06-10,2024-06-10
Missouri,39.1578,-91.8183,,auto,2021-06-10,2024-06-10
Missouri,39.4636,-92.4261,,auto,2021-06-10,2024-06-10
Missouri,36.815,-94.3678,,auto,2021-06-10,2024-06-10
Missouri,37.8426,-89.8624,,auto,2021-06-10,2024-06-10
Missouri,36.7731,-90.324,,auto,2021-06-10,2024-06-10
Missouri,37.95,-91.7708,,auto,2021-06-10,2024-06-10
Missouri,37.6056,-91.6067,,auto,2021-06-10,2024-06-10
Missouri,38.9297,-90.4283,,auto,2021-06-10,2024-06-10
Missouri,38.2239,-91.1646,,auto,2021-06-10,2024-06-10
Missouri,38.585,-91.0668,,auto,2021-06-10,2024-06-10
Missouri,37.7411,-92.1407,,auto,2021-06-10,2024-06-10
